{"cameraMode":{"drawMode":0,"name":"Shaded","section":"Shading Mode"},"sceneLighting":true,"audioPlay":false,"sceneViewState":{"m_AlwaysRefresh":false,"showFog":true,"showSkybox":true,"showFlares":true,"showImageEffects":true,"showParticleSystems":true,"showVisualEffectGraphs":true,"m_FxEnabled":true},"in2DMode":false,"pivot":{"x":1.15095853805542,"y":1.5053702592849732,"z":3.7212653160095217},"rotation":{"x":0.10088198632001877,"y":-0.8738462328910828,"z":0.20552726089954377,"w":0.4289228618144989},"size":2.1370909214019777,"orthographic":false}