{"cameraMode":{"drawMode":0,"name":"Shaded","section":"Shading Mode"},"sceneLighting":true,"audioPlay":false,"sceneViewState":{"m_AlwaysRefresh":false,"showFog":true,"showSkybox":true,"showFlares":true,"showImageEffects":true,"showParticleSystems":true,"showVisualEffectGraphs":true,"m_FxEnabled":true},"in2DMode":false,"pivot":{"x":-12.093618392944336,"y":-7.500649452209473,"z":-21.186901092529298},"rotation":{"x":0.10088198632001877,"y":-0.8738462328910828,"z":0.20552726089954377,"w":0.4289228618144989},"size":17.898405075073243,"orthographic":false}